{
	"ambient_color" : 
	{
		"a" : 1.0,
		"b" : 0.088235318660736084,
		"g" : 0.054935283958911896,
		"r" : 0.051038075238466263
	},
	"ao_amount" : 0.5,
	"ao_size" : 0.30700001120567322,
	"player_light_color" : 
	{
		"a" : 1.0,
		"b" : 0.84928536415100098,
		"g" : 0.73296988010406494,
		"r" : 0.62721771001815796
	},
	"player_light_intensity" : 1.1000000238418579,
	"player_light_radius" : 8.1999998092651367
}