{
	"ao_amount" : 0.70499998331069946,
	"ao_size" : 0.43900001049041748
}