{
	"ambient_color" : 
	{
		"a" : 1.0,
		"b" : 0.088235318660736084,
		"g" : 0.054935283958911896,
		"r" : 0.051038075238466263
	},
	"ao_amount" : 0.5,
	"ao_size" : 0.30700001120567322,
	"player_light_color" : 
	{
		"a" : 1.0,
		"b" : 1.0,
		"g" : 1.0,
		"r" : 1.0
	},
	"player_light_intensity" : 1.0,
	"player_light_radius" : 9.3000001907348633
}